index,x,y,z
0,-144.203,-56.406,0
1,-145.222,-55.8862,0
2,-145.259,-54.6735,0
3,-139.894,-35.3165,0
4,-136.529,-24.4414,0
5,-134.656,-20.069,0
6,-132.371,-14.466,0
7,-131.022,-11.1265,0
8,-127.279,-2.38279,0
9,-127.231,-2.21345,0
