index,x,y,z
0,-124.442,3.06589,0
1,-123.003,6.09265,0
2,-121.175,8.88569,0
3,-120.876,12.0198,0
4,-119.984,15.0844,0
5,-117.43,20.1619,0
6,-114.502,22.1946,0
7,-112.558,24.7991,0
8,-103.303,38.7994,0
9,-100.243,42.9904,0
10,-96.2758,48.2789,0
11,-83.2817,63.9557,0
12,-81.1663,66.0134,0
13,-68.5324,79.2225,0
14,-67.0029,80.61,0
15,-59.6427,86.4096,0
16,-56.3112,88.7725,0
17,-53.2271,89.7913,0
18,-50.2365,89.4902,0
19,-48.3837,88.4491,0
20,-46.855,87.1207,0
21,-46.7154,87.0029,0
