index,x,y,z
0,14.2777, -2.80559,0
1,1.51205, -75.0624,0
2,-133.693, -35.8988,0
3,3.55803,-67.7207,0
